Metric,Value,Unit
MAE,716080.1311635894,#
MAPE,49.0457872839256,%
RMSE,929965.770628206,#
